"19.093319,73.015041","19.058895,73.005219","{
   ""destination_addresses"" : [],
   ""error_message"" : ""You have exceeded your daily request quota for this API. We recommend registering for a key at the Google Developers Console: https://console.developers.google.com/"",
   ""origin_addresses"" : [],
   ""rows"" : [],
   ""status"" : ""OVER_QUERY_LIMIT""
}
"
"19.093319,73.015041","19.039551,73.096201","{
   ""destination_addresses"" : [],
   ""error_message"" : ""You have exceeded your daily request quota for this API. We recommend registering for a key at the Google Developers Console: https://console.developers.google.com/"",
   ""origin_addresses"" : [],
   ""rows"" : [],
   ""status"" : ""OVER_QUERY_LIMIT""
}
"
